Pianist,KnotIndex,X,Y,Z,Velocity,RubatoDevS
Gieseking,0,-0.2237,21.8501,0.0,0.3228,2.4
Gieseking,1,-106.7213,-48.9659,2.0,0.3465,2.7667
Gieseking,2,-38.2115,69.5636,4.0,0.378,3.1333
Gieseking,3,-94.7323,64.1151,6.0,0.378,3.15
Gieseking,4,-101.1619,58.4846,8.0,0.3622,3.8667
Gieseking,5,-68.5843,-66.5322,10.0,0.3307,4.0833
Gieseking,6,-8.5078,43.4495,12.0,0.3307,4.3
Gieseking,7,-83.3984,68.2909,14.0,0.3622,4.3667
Gieseking,8,-114.8565,48.4917,16.0,0.3622,5.1333
Gieseking,9,1.644,-48.3861,18.0,0.3937,5.45
Gieseking,10,-127.6225,46.9688,20.0,0.4173,5.7667
Gieseking,11,7.5881,-41.3149,22.0,0.3937,6.0833
Gieseking,12,-20.5986,68.9016,24.0,0.3937,6.2
Gieseking,13,-131.2027,38.0025,26.0,0.4016,6.3167
Gieseking,14,11.5401,-32.9704,28.0,0.3858,6.6333
Gieseking,15,-128.2398,26.7386,30.0,0.3465,6.95
Gieseking,16,-132.9633,19.1468,32.0,0.3543,7.6667
Gieseking,17,-18.9728,-63.6471,34.0,0.3543,7.8833
Gieseking,18,-47.213,74.9318,36.0,0.3543,8.1
Gieseking,19,-131.3616,42.7584,38.0,0.4016,8.1667
Gieseking,20,-117.18,61.6506,40.0,0.4016,8.8333
Gieseking,21,-59.4401,-90.2798,42.0,0.4409,9.05
Gieseking,22,-101.7316,83.2629,44.0,0.4567,9.4167
Gieseking,23,-75.9003,86.678,46.0,0.4173,10.0833
Gieseking,24,-8.5012,-69.1926,48.0,0.4016,10.45
Gieseking,25,-138.2908,40.0213,50.0,0.4094,10.8167
Gieseking,26,-123.7811,60.1062,52.0,0.4016,11.4833
Gieseking,27,20.8769,-24.7822,54.0,0.378,11.85
Gieseking,28,-103.046,73.1541,56.0,0.378,12.0667
Gieseking,29,-141.5372,-13.2481,58.0,0.3622,12.1333
Gieseking,30,-126.9831,-53.9329,60.0,0.378,12.9
Gieseking,31,-57.1364,82.9633,62.0,0.3543,13.3167
Gieseking,32,-27.5959,-71.8073,64.0,0.3228,13.6833
Gieseking,33,9.0435,-63.9209,66.0,0.4252,13.65
Gieseking,34,-121.1283,50.2958,68.0,0.3228,13.9667
Gieseking,35,-12.1829,69.7633,70.0,0.3543,14.4833
Gieseking,36,-72.5816,-87.7151,72.0,0.378,14.85
Gieseking,37,-140.9163,4.4431,74.0,0.3228,15.3667
Gieseking,38,-86.0619,-81.6873,76.0,0.3465,16.2333
Gieseking,39,-38.353,84.6252,78.0,0.3543,16.55
Gieseking,40,-40.8983,-90.5168,80.0,0.3858,16.875
Gieseking,41,-145.5255,8.9624,82.0,0.3386,17.3
Gieseking,42,24.2474,-40.2817,84.0,0.3858,17.525
Gieseking,43,-149.0869,-1.1051,86.0,0.3543,17.85
Gieseking,44,31.6505,6.5008,88.0,0.3701,18.1667
Gieseking,45,-146.9064,-11.2929,90.0,0.3386,18.525
Gieseking,46,33.5335,17.7582,92.0,0.3858,18.8833
Gieseking,47,-139.2405,-59.7445,94.0,0.4094,19.25
Gieseking,48,28.4946,-8.4823,96.0,0.3386,19.4667
Gieseking,49,41.6713,31.946,98.0,0.4567,19.4333
Gieseking,50,-150.0924,-34.2043,100.0,0.3858,19.75
Gieseking,51,12.4276,77.8173,102.0,0.4488,20.1167
Gieseking,52,-152.5325,-48.1338,104.0,0.4331,20.3833
Gieseking,53,-89.9454,-99.9353,106.0,0.4331,20.4
Gieseking,54,20.7058,48.166,108.0,0.3622,20.6167
Gieseking,55,-134.1994,-50.3798,110.0,0.3307,20.9333
Gieseking,56,38.5645,25.6812,112.0,0.4094,21.2
Gieseking,57,-139.1824,-68.5141,114.0,0.4252,21.5667
Gieseking,58,9.3056,-75.5229,116.0,0.4094,21.6833
Gieseking,59,-126.2689,64.2451,118.0,0.3386,22.0
Gieseking,60,42.9406,-33.1434,120.0,0.4409,22.3667
Gieseking,61,-149.9266,68.8004,122.0,0.4724,22.6333
Gieseking,62,-83.3515,-102.5577,124.0,0.4173,22.8
Gieseking,63,37.9621,-66.2559,126.0,0.5039,22.8667
Gieseking,64,-82.0613,92.3338,128.0,0.3465,23.0833
Gieseking,65,-116.5653,-101.8268,130.0,0.4882,23.3
Gieseking,66,9.9399,-84.2354,132.0,0.4409,23.3667
Gieseking,67,-54.4314,114.3656,134.0,0.4724,23.5833
Gieseking,68,-136.5273,-75.789,136.0,0.4252,23.8
Gieseking,69,-12.351,-109.7044,138.0,0.5039,23.8667
Gieseking,70,-29.4052,88.7886,140.0,0.3307,24.0833
Gieseking,71,-89.9395,-106.7533,142.0,0.4409,24.4
Gieseking,72,-35.7485,111.0417,144.0,0.4567,24.7167
Gieseking,73,-152.8148,-20.1888,146.0,0.3307,24.8833
Gieseking,74,-77.0401,-107.9106,148.0,0.4252,24.95
Gieseking,75,15.5196,60.1495,150.0,0.3386,25.1667
Gieseking,76,-64.1459,-104.1093,152.0,0.3858,25.5833
Gieseking,77,-61.8365,98.694,154.0,0.3465,25.9
Gieseking,78,40.0183,10.6638,156.0,0.3543,26.4167
Gieseking,79,-154.9838,-15.7795,158.0,0.3228,26.7333
Gieseking,80,-40.5136,-99.2721,160.0,0.3543,26.85
Gieseking,81,-7.7782,85.6047,162.0,0.3465,27.0667
Gieseking,82,-158.0293,0.1712,164.0,0.3228,28.0333
Gieseking,83,28.4258,43.4433,166.0,0.3228,28.4
Gieseking,84,49.5571,19.1985,168.0,0.4016,29.0667
Gieseking,85,-10.2654,95.4134,170.0,0.3701,29.8833
Gieseking,86,13.3985,76.6562,172.0,0.3543,30.55
Gieseking,87,23.3251,-66.8433,174.0,0.3543,31.0667
Gieseking,88,-76.5177,107.0274,176.0,0.3622,31.2833
Gieseking,89,-46.1451,105.9243,178.0,0.3465,31.95
Gieseking,90,-14.8437,102.9798,180.0,0.378,32.6167
Gieseking,91,47.1926,-36.1942,182.0,0.378,33.1333
Gieseking,92,-28.2855,103.8351,184.0,0.3465,33.25
Gieseking,93,-40.8538,105.4454,186.0,0.3307,33.9667
Gieseking,94,-52.917,112.6328,188.0,0.3622,34.6833
Gieseking,95,53.5134,2.8166,190.0,0.3622,35.2
Gieseking,96,-20.2608,110.237,192.0,0.3858,35.2667
Gieseking,97,10.1797,96.4206,194.0,0.3937,35.9333
Gieseking,98,-81.1526,-122.6623,196.0,0.4252,36.3
Gieseking,99,38.6815,76.3404,198.0,0.4252,36.5167
Gieseking,100,-95.4196,119.7233,200.0,0.4252,36.5833
Gieseking,101,56.8098,46.0135,202.0,0.4252,37.1
Gieseking,102,-176.4536,-53.9247,204.0,0.4409,37.4167
Gieseking,103,57.6455,63.0634,206.0,0.4724,37.7333
Gieseking,104,44.4693,72.8418,208.0,0.4252,38.45
Gieseking,105,35.9868,85.1591,210.0,0.4252,39.1667
Gieseking,106,22.1166,92.076,212.0,0.3858,39.8833
Gieseking,107,-161.1117,66.5733,214.0,0.3622,40.8
Gieseking,108,-2.2002,107.159,216.0,0.3622,41.3167
Gieseking,109,-109.1301,-105.3829,218.0,0.3228,41.6333
Gieseking,110,32.3757,-76.2768,220.0,0.3386,42.5
Gieseking,111,64.7082,28.7507,222.0,0.3858,43.3167
Gieseking,112,-41.5949,126.7395,224.0,0.3858,43.3833
Gieseking,113,-8.9922,111.9883,226.0,0.3465,44.05
Gieseking,114,-56.2096,138.3153,228.0,0.4488,44.0167
Gieseking,115,-56.2827,-119.8368,230.0,0.3228,44.3333
Gieseking,116,-71.0607,123.3677,232.0,0.3465,44.65
Gieseking,117,-90.1102,-116.8601,234.0,0.3228,44.9167
Gieseking,118,46.3307,69.2138,236.0,0.3622,45.1333
Gieseking,119,-85.9985,124.2721,238.0,0.3622,45.2
Gieseking,120,-123.1107,-106.4009,240.0,0.3386,45.4167
Gieseking,121,-49.8161,132.0773,242.0,0.3937,45.7833
Gieseking,122,-151.7608,-85.8706,244.0,0.3465,46.0
Gieseking,123,58.8014,51.7277,246.0,0.3701,46.2667
Gieseking,124,-169.637,-55.563,248.0,0.3228,46.5833
Gieseking,125,20.4016,107.2417,250.0,0.3937,46.95
Gieseking,126,-128.9944,110.8649,252.0,0.3701,47.0167
Gieseking,127,-163.0287,-68.3703,254.0,0.3228,47.1333
Gieseking,128,48.2441,-67.2188,256.0,0.3465,47.3
Gieseking,129,46.6668,80.1312,258.0,0.3858,47.3667
Gieseking,130,-184.8417,12.1863,260.0,0.3307,47.5833
Gieseking,131,62.2254,46.1598,262.0,0.3622,47.95
Gieseking,132,-150.4778,89.5941,264.0,0.3386,48.1167
Gieseking,133,68.68,10.0467,266.0,0.3465,48.5333
Gieseking,134,-161.903,79.6893,268.0,0.3465,48.75
Gieseking,135,-168.23,-64.3366,270.0,0.3228,48.8167
Gieseking,136,10.7839,108.9723,272.0,0.3465,49.1833
Gieseking,137,-75.1727,-128.3607,274.0,0.3386,49.55
Gieseking,138,-102.5709,120.0599,276.0,0.3228,49.9167
Gieseking,139,31.6574,-89.1692,278.0,0.3228,50.2833
Gieseking,140,-189.9871,42.1021,280.0,0.378,50.65
Gieseking,141,67.504,18.6416,282.0,0.3228,51.0167
Gieseking,142,-172.3304,-77.4416,284.0,0.3701,51.3833
Gieseking,143,-45.3798,133.8385,286.0,0.3543,51.8
Gieseking,144,72.062,-59.1647,288.0,0.4173,52.2667
Gieseking,145,-193.298,-4.9626,290.0,0.3386,52.6333
Gieseking,146,70.2405,70.4117,292.0,0.4331,53.0
Gieseking,147,-137.0392,-108.6523,294.0,0.3307,53.3667
Gieseking,148,-93.9843,137.8935,296.0,0.3858,53.7833
Gieseking,149,72.8635,-9.416,298.0,0.3228,54.25
Gieseking,150,-188.1424,-52.3228,300.0,0.3543,54.6167
Gieseking,151,51.3509,-82.4085,302.0,0.3465,55.5833
Gieseking,152,-47.3865,138.0692,304.0,0.3386,56.55
Gieseking,153,-163.6505,-94.2817,306.0,0.3465,56.7667
Gieseking,154,-183.4863,-60.401,308.0,0.3228,57.4333
Gieseking,155,-158.7143,-113.4899,310.0,0.4094,57.4
Gieseking,156,-188.9417,93.6721,312.0,0.4646,57.9167
Gieseking,157,62.614,-78.568,314.0,0.3701,58.2333
Gieseking,158,66.3192,92.1277,316.0,0.4409,58.3
Gieseking,159,-201.5794,15.8455,318.0,0.3465,58.5167
Gieseking,160,-127.7558,-129.4343,320.0,0.3701,58.5833
Gieseking,161,79.8856,50.5795,322.0,0.3858,58.8
Gieseking,162,-160.1285,-104.2078,324.0,0.3543,59.1667
Gieseking,163,85.6915,9.3028,326.0,0.3622,59.3833
Gieseking,164,-14.0663,144.8757,328.0,0.4016,59.45
Gieseking,165,25.7397,127.995,330.0,0.4094,60.1167
Gieseking,166,-213.4048,-37.3763,332.0,0.4331,60.3333
Gieseking,167,-80.2973,-153.0989,334.0,0.4094,60.4
Gieseking,168,93.782,-15.8343,336.0,0.4094,60.5167
Gieseking,169,60.3276,100.816,338.0,0.4252,60.5333
Gieseking,170,-210.037,6.6355,340.0,0.378,60.75
Gieseking,171,-125.3497,-148.3262,342.0,0.4567,60.8167
Gieseking,172,81.0748,62.023,344.0,0.4016,61.0333
Gieseking,173,-154.0651,-112.0918,346.0,0.3465,61.4
Gieseking,174,87.707,19.4648,348.0,0.3622,61.6167
Gieseking,175,-23.1956,150.5453,350.0,0.4016,61.6833
Gieseking,176,-26.0224,-152.9226,352.0,0.4094,62.05
Gieseking,177,98.8871,40.2051,354.0,0.4567,62.1667
Gieseking,178,-217.8004,-49.8956,356.0,0.4646,62.4833
Gieseking,179,89.4983,57.0674,358.0,0.4252,62.8
Gieseking,180,-122.3749,150.0941,360.0,0.4409,62.9167
Gieseking,181,12.2481,-148.7038,362.0,0.4567,63.2333
Gieseking,182,58.1956,-103.3587,364.0,0.4016,63.2
Gieseking,183,-78.9392,170.4282,366.0,0.4961,63.4167
Gieseking,184,-148.7828,-121.533,368.0,0.3543,63.6333
Gieseking,185,33.2431,-145.767,370.0,0.5039,63.7
Gieseking,186,61.6407,82.9128,372.0,0.3307,63.8167
Gieseking,187,-190.0261,-100.2263,374.0,0.4409,64.1333
Gieseking,188,114.4608,-14.8476,376.0,0.5118,64.35
Gieseking,189,-171.6128,121.1852,378.0,0.4409,64.5667
Gieseking,190,-173.7613,-111.0872,380.0,0.4016,64.6833
Gieseking,191,83.0514,-55.1697,382.0,0.3622,64.85
Gieseking,192,-178.3682,101.6749,384.0,0.378,65.1167
Gieseking,193,-218.9562,-14.3962,386.0,0.4016,65.1333
Gieseking,194,66.2292,-96.2136,388.0,0.3937,65.35
Gieseking,195,-190.0236,87.5985,390.0,0.378,65.6667
Gieseking,196,87.2643,40.0508,392.0,0.3465,66.0833
Gieseking,197,-183.5545,-109.2322,394.0,0.4252,66.45
Gieseking,198,95.7339,-2.7478,396.0,0.3622,66.6667
Gieseking,199,-108.766,-142.3576,398.0,0.3228,67.1333
Gieseking,200,-48.8224,-159.4915,400.0,0.3858,67.1
Gieseking,201,92.788,-47.4015,402.0,0.3858,67.1667
Gieseking,202,-137.2209,132.2871,404.0,0.3386,67.3833
Gieseking,203,66.2278,-83.4264,406.0,0.3228,67.75
Gieseking,204,-216.4053,19.7494,408.0,0.3622,68.075
Gieseking,205,-54.1221,154.6294,410.0,0.3386,68.55
Gieseking,206,92.8278,7.589,412.0,0.3228,69.025
Gieseking,207,-213.6651,-16.6643,414.0,0.3307,69.3
Gieseking,208,-204.2451,-80.3109,416.0,0.4016,69.225
Gieseking,209,92.6288,25.6393,418.0,0.3307,69.45
Gieseking,210,33.9663,136.0716,420.0,0.4016,69.425
Gieseking,211,-219.1276,-36.3933,422.0,0.3858,69.6
Gieseking,212,-84.7523,-168.3791,424.0,0.4331,69.5
Gieseking,213,61.2197,98.6781,426.0,0.3386,69.7167
Gieseking,214,-226.9421,9.7516,428.0,0.4094,69.9333
Gieseking,215,89.0358,63.0219,430.0,0.3701,70.3
Gieseking,216,-208.2894,52.7112,432.0,0.3386,70.5167
Gieseking,217,-210.6792,-74.3665,434.0,0.4094,70.5333
Gieseking,218,96.683,18.3962,436.0,0.3386,70.8
Gieseking,219,-188.1988,92.4384,438.0,0.3386,71.0167
Gieseking,220,-199.622,-90.5374,440.0,0.3937,71.0833
Gieseking,221,31.3083,-132.1885,442.0,0.3543,71.2
Gieseking,222,111.2763,-28.7506,444.0,0.4409,71.2167
Gieseking,223,-169.2375,139.9133,446.0,0.4646,71.4333
Gieseking,224,52.0394,-127.4084,448.0,0.4094,71.75
Gieseking,225,58.1505,110.1799,450.0,0.3543,71.8667
Gieseking,226,-172.0321,113.3144,452.0,0.3386,71.9833
Gieseking,227,-234.7164,-1.5571,454.0,0.4409,72.0
Gieseking,228,-117.7087,-152.4443,456.0,0.3622,72.0667
Gieseking,229,69.1414,-116.1959,458.0,0.4331,72.1333
Gieseking,230,51.7127,131.6979,460.0,0.4252,72.25
Gieseking,231,-169.771,-145.884,462.0,0.4882,72.5667
Gieseking,232,112.8027,32.1834,464.0,0.4409,72.7833
Gieseking,233,-209.4089,93.1438,466.0,0.4409,73.0
Gieseking,234,121.5677,-18.0436,468.0,0.4803,73.3667
Gieseking,235,22.6503,162.7697,470.0,0.4803,73.4333
Gieseking,236,-178.6673,132.5608,472.0,0.4488,73.5
Gieseking,237,-62.0523,-179.3765,474.0,0.4567,73.7167
Gieseking,238,4.5965,175.3103,476.0,0.5039,73.9833
Gieseking,239,-250.0468,-14.504,478.0,0.5276,74.15
Gieseking,240,-116.0585,-184.7327,480.0,0.5433,74.2167
Gieseking,241,89.1478,-117.0557,482.0,0.5197,74.2833
Gieseking,242,-244.8746,38.828,484.0,0.5118,74.65
Gieseking,243,-93.6498,-187.246,486.0,0.5197,74.7667
Gieseking,244,-37.8501,184.622,488.0,0.4882,75.0833
Gieseking,245,-205.7383,-125.2155,490.0,0.5276,75.3
Gieseking,246,129.9745,-6.0419,492.0,0.5118,75.5167
Gieseking,247,10.3402,165.1766,494.0,0.4409,75.5833
Gieseking,248,-230.1551,-77.3406,496.0,0.4882,75.8
Gieseking,249,126.5329,15.8977,498.0,0.4882,76.025
Gieseking,250,-223.4414,-23.6044,500.0,0.3386,76.3
Gieseking,251,81.3493,97.0838,502.0,0.378,76.625
Gieseking,252,-103.061,183.0508,504.0,0.4882,76.65
Gieseking,253,-145.6571,-152.9362,506.0,0.4016,76.825
Gieseking,254,-51.2103,168.4102,508.0,0.3543,77.15
Gieseking,255,4.948,-150.9735,510.0,0.3228,77.475
Gieseking,256,-189.8767,110.7609,512.0,0.3622,77.8
Gieseking,257,-154.1238,143.1993,514.0,0.3622,78.3
Gieseking,258,-86.4244,-163.6284,516.0,0.3228,78.5167
Gieseking,259,-108.8571,158.8986,518.0,0.3228,78.8833
Gieseking,260,-62.6509,175.3821,520.0,0.378,79.55
Gieseking,261,-13.6168,168.8608,522.0,0.3701,80.2167
Gieseking,262,-200.6493,104.4723,524.0,0.3701,80.2833
Gieseking,263,-164.2556,137.5,526.0,0.3465,80.95
Gieseking,264,-121.1588,159.7831,528.0,0.3307,81.6167
Gieseking,265,-74.3449,173.7531,530.0,0.3465,82.2833
Gieseking,266,-227.2284,49.6162,532.0,0.3465,82.35
Gieseking,267,-24.3614,175.0796,534.0,0.3701,82.8667
Gieseking,268,-45.1272,176.6442,536.0,0.3543,83.5833
Gieseking,269,64.4384,129.0562,538.0,0.3622,84.2
Gieseking,270,-239.2229,-11.1297,540.0,0.3622,84.4167
Gieseking,271,94.1718,88.3604,542.0,0.3465,84.7833
Gieseking,272,119.3298,43.3612,544.0,0.3858,85.45
Gieseking,273,13.6903,166.4688,546.0,0.3622,86.2667
Gieseking,274,-227.0485,-73.0945,548.0,0.3622,86.4833
Gieseking,275,-52.3515,-183.4516,550.0,0.3701,86.55
Gieseking,276,-150.5411,165.7046,552.0,0.4016,86.9167
Gieseking,277,-100.3185,182.9697,554.0,0.3858,87.5833
Gieseking,278,-154.596,-163.4281,556.0,0.3937,87.8
Gieseking,279,-190.0289,144.2183,558.0,0.4252,88.2667
Gieseking,280,-200.4731,-134.2927,560.0,0.4252,88.3833
Gieseking,281,-205.702,127.862,562.0,0.4173,88.9
Gieseking,282,-219.4303,109.8844,564.0,0.4094,89.6167
Gieseking,283,-144.4961,-171.6461,566.0,0.3858,90.5333
Gieseking,284,127.1521,16.6204,568.0,0.3543,91.5
Gieseking,285,-29.2609,184.141,570.0,0.3386,92.3667
Gieseking,286,-80.2352,-188.3924,572.0,0.3543,92.6833
Gieseking,287,-245.4098,3.5953,574.0,0.3228,93.2
Gieseking,288,38.016,-168.5865,576.0,0.378,94.1667
Gieseking,289,-12.4934,-191.2731,578.0,0.3858,94.8333
Gieseking,290,-242.5703,-62.7502,580.0,0.3543,95.35
Gieseking,291,132.1008,78.8434,582.0,0.4488,95.6667
Gieseking,292,-251.2541,-9.1623,584.0,0.3386,95.9333
Gieseking,293,91.9824,-126.3907,586.0,0.378,96.15
Gieseking,294,122.2477,101.053,588.0,0.4488,96.2167
Gieseking,295,-246.8488,44.7983,590.0,0.3386,96.4333
Gieseking,296,53.6325,-168.2941,592.0,0.4094,96.65
Gieseking,297,-176.3512,152.3254,594.0,0.3307,96.9667
Gieseking,298,-212.6537,-123.8242,596.0,0.3622,97.0833
Gieseking,299,3.0098,-196.2294,598.0,0.4252,97.15
Gieseking,300,21.2709,176.7918,600.0,0.3465,97.3667
Gieseking,301,-54.3728,-204.4405,602.0,0.4094,97.7333
Gieseking,302,66.3976,145.8481,604.0,0.3307,97.95
Gieseking,303,-178.6474,-154.2506,606.0,0.3386,98.2667
Gieseking,304,97.7761,-114.1846,608.0,0.3386,98.3833
Gieseking,305,48.2884,159.2191,610.0,0.3228,98.5
Gieseking,306,-160.8457,-168.6746,612.0,0.3465,98.8167
Gieseking,307,129.7067,56.6834,614.0,0.3543,99.0333
Gieseking,308,-208.8586,-138.3312,616.0,0.3858,99.4
Gieseking,309,-143.2208,-185.339,618.0,0.3858,99.3667
Gieseking,310,-205.1207,131.0326,620.0,0.3307,99.8333
Gieseking,311,-39.9043,-211.3969,622.0,0.4409,100.05
Gieseking,312,136.4433,-55.6425,624.0,0.3858,100.1167
Gieseking,313,-169.2859,176.9828,626.0,0.4094,100.3333
Gieseking,314,142.4284,-32.5027,628.0,0.3858,100.75
Gieseking,315,104.3671,122.5818,630.0,0.3858,100.7667
Gieseking,316,-152.303,-180.9958,632.0,0.3701,101.1333
Gieseking,317,-57.2054,211.9143,634.0,0.4252,101.5
Gieseking,318,-50.8275,-202.7013,636.0,0.3622,101.8167
Gieseking,319,146.0366,15.3625,638.0,0.3858,101.9333
Gieseking,320,-266.3802,-27.5762,640.0,0.3937,102.25
Gieseking,321,48.5139,165.7876,642.0,0.3228,102.6667
Gieseking,322,1.1948,-213.7365,644.0,0.4803,103.0833
Gieseking,323,-263.9379,6.8424,646.0,0.3543,103.55
Gieseking,324,126.3591,84.3134,648.0,0.3543,103.9167
Gieseking,325,-71.3788,210.2318,650.0,0.3937,103.9833
Gieseking,326,40.5813,-178.7736,652.0,0.3543,104.35
Gieseking,327,-230.8339,-116.8964,654.0,0.3622,104.8667
Gieseking,328,-188.0872,155.9227,656.0,0.3228,105.3833
Gieseking,329,93.0476,149.9911,658.0,0.4016,105.9
Gieseking,330,-141.5857,190.5643,660.0,0.3543,105.9667
Gieseking,331,-180.5567,-168.775,662.0,0.3465,106.9333
Gieseking,332,146.9539,-15.3933,664.0,0.3386,107.9
Gieseking,333,29.377,187.392,666.0,0.3386,107.9667
Gieseking,334,-259.5773,61.5226,668.0,0.3386,108.8833
Gieseking,335,-268.9114,-21.1676,670.0,0.3465,108.85
Gieseking,336,-270.8692,38.8527,672.0,0.3701,109.5167
Gieseking,337,-279.634,14.3828,674.0,0.4016,110.2333
Gieseking,338,140.9568,-60.0053,676.0,0.3228,111.3
Gieseking,339,110.7639,123.6311,678.0,0.3228,112.1167
Gieseking,340,-113.374,204.0438,680.0,0.3228,112.1833
Gieseking,341,-214.9525,-160.1421,682.0,0.3937,113.15
Gieseking,342,-234.5418,141.5263,684.0,0.4016,113.6667
Gieseking,343,64.7775,184.8723,686.0,0.3858,114.1833
Gieseking,344,-187.1451,183.3609,688.0,0.3858,114.25
Gieseking,345,-274.5327,10.2387,690.0,0.3228,115.0667
Gieseking,346,-199.3445,-164.8757,692.0,0.3228,115.8833
Gieseking,347,-237.0023,124.7829,694.0,0.3228,116.4
Gieseking,348,56.8801,201.1163,696.0,0.4252,116.9167
Gieseking,349,152.2684,-99.6306,698.0,0.4331,117.4333
Gieseking,350,115.7602,-154.7839,700.0,0.4252,118.1
Gieseking,351,-288.865,61.7699,702.0,0.4409,118.4667
Gieseking,352,161.4659,43.6938,704.0,0.3622,118.8333
Gieseking,353,166.921,-20.1108,706.0,0.3701,119.5
Gieseking,354,-60.1761,-224.9601,708.0,0.3465,120.0167
Gieseking,355,-61.8631,230.892,710.0,0.3622,122.6833
Gieseking,356,-285.8973,85.7325,712.0,0.4331,122.75
Gieseking,357,-252.7158,145.2644,714.0,0.4252,123.4167
Gieseking,358,-290.172,-63.9255,716.0,0.4016,124.2333
Gieseking,359,-144.0633,224.3448,718.0,0.4016,124.75
Gieseking,360,-299.6486,2.9439,720.0,0.4016,124.8167
Gieseking,361,-169.4859,212.7236,722.0,0.3937,125.3833
Gieseking,362,-11.4325,230.2827,724.0,0.3622,126.0
Gieseking,363,-213.935,179.4708,726.0,0.3622,126.8167
Gieseking,364,-67.7632,-237.789,728.0,0.3701,127.0333
Gieseking,365,-93.0145,229.9693,730.0,0.3228,128.15
Gieseking,366,64.2477,206.9953,732.0,0.378,128.7667
Gieseking,367,-270.6715,118.2272,734.0,0.378,128.8833
Gieseking,368,-228.2176,171.3356,736.0,0.3622,129.55
Gieseking,369,-294.4182,38.0591,738.0,0.3307,131.1167
Gieseking,370,176.8281,31.2238,740.0,0.3228,133.0333
Gieseking,371,71.6997,204.3652,742.0,0.3228,136.2
Gieseking,372,-5.7823,240.1897,744.0,0.3228,138.5167
Gieseking,373,-315.4093,-10.4329,746.0,0.3701,140.2333
Gieseking,374,132.8981,-162.7291,748.0,0.3465,140.45
Gieseking,375,158.5357,119.1689,750.0,0.3228,140.5167
Gieseking,376,-92.8011,253.9825,752.0,0.3701,140.5833
Gieseking,377,-301.8147,59.7814,754.0,0.3228,140.65
Gieseking,378,-11.9319,-254.2633,756.0,0.3858,140.8167
Gieseking,379,190.5969,54.9991,758.0,0.3701,140.9333
Gieseking,380,-20.0777,255.9178,760.0,0.3858,141.0
Gieseking,381,-306.1234,-69.2984,762.0,0.3622,141.1667
Gieseking,382,19.3277,-253.1609,764.0,0.4252,141.2833
Gieseking,383,186.4194,85.1935,766.0,0.3937,141.4
Gieseking,384,-150.7345,239.555,768.0,0.3622,141.5167
Gieseking,385,-301.3154,-99.5521,770.0,0.3937,141.6333
Gieseking,386,192.1174,-92.1225,772.0,0.4409,141.85
Gieseking,387,112.5987,196.3467,774.0,0.3937,141.9167
Gieseking,388,-175.6034,222.6617,776.0,0.3228,141.9833
Gieseking,389,-127.9907,-252.821,778.0,0.3937,142.2
Gieseking,390,158.6895,-160.628,780.0,0.4567,142.2667
Gieseking,391,-110.5218,254.8623,782.0,0.378,142.4833
Gieseking,392,-318.2628,45.6901,784.0,0.3937,142.55
Gieseking,393,-196.2149,-224.2313,786.0,0.3937,142.6167
Gieseking,394,196.7191,74.7404,788.0,0.4252,142.8333
Gieseking,395,-37.3514,258.208,790.0,0.3701,142.9
Gieseking,396,-290.4148,113.6675,792.0,0.3543,142.9667
Gieseking,397,-248.6303,-172.8299,794.0,0.3465,143.0333
Gieseking,398,215.0232,0.0332,796.0,0.4724,143.25
Gieseking,399,32.3849,237.7127,798.0,0.3386,143.3167
Gieseking,400,-262.9959,185.9022,800.0,0.4724,143.425
Gieseking,401,-291.069,-114.0595,802.0,0.3543,143.5333
Gieseking,402,-37.1034,-260.3145,804.0,0.378,143.6
Gieseking,403,144.54,-166.4429,806.0,0.3937,143.6167
Gieseking,404,101.2131,210.3745,808.0,0.4016,143.7333
Gieseking,405,-277.0352,156.4745,810.0,0.4173,143.85
Gieseking,406,-212.8081,-225.5525,812.0,0.4488,143.9667
Gieseking,407,167.0601,-144.34,814.0,0.4252,144.0833
Gieseking,408,155.9278,158.6797,816.0,0.4173,144.15
Gieseking,409,81.901,238.3202,818.0,0.4803,144.1167
Gieseking,410,-282.8899,124.0449,820.0,0.3307,144.2333
Gieseking,411,118.8347,-203.3417,822.0,0.4331,144.5
Gieseking,412,192.1899,92.2179,824.0,0.4173,144.5667
Gieseking,413,-245.6846,-194.6523,826.0,0.4173,144.9333
Gieseking,414,53.6761,-242.6106,828.0,0.4094,145.0
Gieseking,415,112.6799,203.5968,830.0,0.4016,145.1667
Gieseking,416,-276.0558,172.6577,832.0,0.4646,145.2833
Gieseking,417,-215.0081,-206.0292,834.0,0.3386,145.4
Gieseking,418,192.0664,-55.2579,836.0,0.3386,145.5667
Gieseking,419,82.2365,214.0034,838.0,0.3307,145.6333
Gieseking,420,-289.2238,142.8824,840.0,0.4173,145.75
Gieseking,421,-94.2584,-265.7715,842.0,0.4016,145.9167
Gieseking,422,179.5225,-130.5382,844.0,0.4331,145.9833
Gieseking,423,63.0248,242.3184,846.0,0.4252,146.1
Gieseking,424,-317.7003,121.5042,848.0,0.5118,146.2167
Gieseking,425,-168.795,-249.3736,850.0,0.4252,146.3333
Gieseking,426,133.9045,-192.6591,852.0,0.4331,146.4
Gieseking,427,185.5924,109.0343,854.0,0.4016,146.4667
Gieseking,428,-320.6211,87.4587,856.0,0.4409,146.6833
Gieseking,429,72.6741,-239.7523,858.0,0.4331,146.9
Gieseking,430,211.6227,36.7934,860.0,0.4331,146.9667
Gieseking,431,6.9161,278.0654,862.0,0.5118,147.0333
Gieseking,432,-327.3391,56.1307,864.0,0.4252,147.15
Gieseking,433,-108.9548,-272.5056,866.0,0.4488,147.2667
Gieseking,434,206.965,-39.9512,868.0,0.4016,147.3833
Gieseking,435,77.5345,240.5751,870.0,0.4488,147.45
Gieseking,436,-235.1882,216.3492,872.0,0.4567,147.5167
Gieseking,437,-324.087,-84.5536,874.0,0.4488,147.5833
Gieseking,438,-76.8202,-275.6884,876.0,0.4409,147.65
Gieseking,439,229.204,-9.1802,878.0,0.5276,147.7667
Gieseking,440,-59.3426,259.9778,880.0,0.3307,147.8833
Gieseking,441,-320.0426,-6.9382,882.0,0.3307,148.0
Gieseking,442,-147.7919,-244.9681,884.0,0.3307,148.0667
Gieseking,443,-44.9414,-269.2078,886.0,0.3937,148.0333
Gieseking,444,136.4909,-170.5769,888.0,0.3307,148.05
Gieseking,445,173.398,123.0212,890.0,0.3543,148.1167
Gieseking,446,-90.7707,268.0696,892.0,0.3937,148.1833
Gieseking,447,-311.9482,66.0831,894.0,0.3307,148.25
Gieseking,448,-14.5945,-260.307,896.0,0.3543,148.4167
Gieseking,449,92.1561,-235.9833,898.0,0.4646,148.425
Gieseking,450,195.5521,52.3078,900.0,0.3307,148.5333
Gieseking,451,-290.1032,137.8356,902.0,0.378,148.75
Gieseking,452,-265.3886,-159.5032,904.0,0.3228,148.8167
Gieseking,453,14.2646,-249.3131,906.0,0.3228,148.8833
Gieseking,454,199.3691,-21.1303,908.0,0.3228,148.95
Gieseking,455,194.9321,84.1174,910.0,0.378,148.9167
Gieseking,456,-148.76,244.742,912.0,0.3228,149.0333
Gieseking,457,-302.1914,-95.9262,914.0,0.3228,149.15
Gieseking,458,-58.3151,-266.4862,916.0,0.3622,149.2167
Gieseking,459,183.5521,-92.9198,918.0,0.3228,149.2833
Gieseking,460,114.9178,193.3962,920.0,0.3228,149.35
Gieseking,461,-324.6083,-24.929,922.0,0.3543,149.5667
Gieseking,462,-131.3812,-251.2,924.0,0.3228,149.6333
Gieseking,463,148.334,-157.6082,926.0,0.3228,149.7
Gieseking,464,-107.2181,257.2271,928.0,0.3228,149.9167
Gieseking,465,-328.5436,51.4379,930.0,0.4016,149.9833
Gieseking,466,-199.6516,-222.724,932.0,0.3307,150.05
Gieseking,467,103.3847,-219.4647,934.0,0.4016,150.1167
Gieseking,468,192.4539,69.6392,936.0,0.3228,150.1833
Gieseking,469,-33.1791,262.9702,938.0,0.3386,150.25
Gieseking,470,-313.3387,129.4651,940.0,0.4724,150.3167
Gieseking,471,-262.8301,-180.6279,942.0,0.3858,150.3833
Gieseking,472,208.3208,-3.7647,944.0,0.3622,150.6
Gieseking,473,42.5441,253.1831,946.0,0.3937,150.6667
Gieseking,474,-306.8936,-117.5558,948.0,0.3937,150.8833
Gieseking,475,-39.8906,-272.8009,950.0,0.3937,150.95
Gieseking,476,105.1942,209.3657,952.0,0.3465,151.125
Gieseking,477,-198.8893,235.9689,954.0,0.3937,151.15
Gieseking,478,-339.6193,-45.467,956.0,0.4567,151.175
Gieseking,479,-116.2489,-264.4165,958.0,0.3701,151.2
Gieseking,480,170.0431,-150.8486,960.0,0.4016,151.225
Gieseking,481,85.3569,236.4477,962.0,0.4173,151.3
Gieseking,482,-336.8299,33.9398,964.0,0.4252,151.425
Gieseking,483,114.5081,-204.177,966.0,0.3543,151.6625
Gieseking,484,191.3371,87.8945,968.0,0.3386,151.6875
Gieseking,485,-50.9272,263.778,970.0,0.3228,151.7125
Gieseking,486,-259.0903,-202.8785,972.0,0.4567,151.8875
Gieseking,487,49.2104,-241.932,974.0,0.3307,151.9542
Gieseking,488,207.5115,14.2529,976.0,0.3465,152.0208
Gieseking,489,27.7354,266.9232,978.0,0.4331,152.0875
Gieseking,490,-329.5213,79.9485,980.0,0.4331,152.2042
Gieseking,491,-132.3873,-273.0338,982.0,0.4409,152.3208
Gieseking,492,216.3334,-64.6889,984.0,0.4488,152.4375
Gieseking,493,103.1452,238.084,986.0,0.4803,152.5042
Gieseking,494,-225.5018,242.3043,988.0,0.5118,152.5708
Gieseking,495,-347.0455,-66.741,990.0,0.5197,152.6375
Gieseking,496,-101.9882,-292.9794,992.0,0.5276,152.7042
Gieseking,497,184.6033,-137.8316,994.0,0.4252,152.8125
Gieseking,498,156.2975,177.3787,996.0,0.4173,152.9208
Gieseking,499,-146.2404,263.7121,998.0,0.4016,152.9875
Gieseking,500,-335.9498,15.119,1000.0,0.3937,153.0542
Gieseking,501,132.6486,-196.9061,1002.0,0.3858,153.2708
Gieseking,502,191.2417,107.3128,1004.0,0.3701,153.3375
Gieseking,503,-330.2815,94.9763,1006.0,0.4567,153.5542
Gieseking,504,-233.45,-202.3217,1008.0,0.3228,153.6208
Gieseking,505,65.763,-235.0539,1010.0,0.3228,153.6875
Gieseking,506,224.6725,34.4665,1012.0,0.4567,153.7542
Gieseking,507,6.0777,258.4488,1014.0,0.3228,153.8208
Gieseking,508,-290.4605,164.9125,1016.0,0.4331,153.8875
Gieseking,509,-291.3569,-151.2127,1018.0,0.3858,153.9542
Gieseking,510,-1.6593,-276.2924,1020.0,0.4252,154.0208
Gieseking,511,214.6232,66.4203,1022.0,0.4252,154.1375
Gieseking,512,-240.6592,229.676,1024.0,0.4882,154.3042
Gieseking,513,-328.3174,-81.7407,1026.0,0.4094,154.3708
Gieseking,514,30.7217,-269.3224,1028.0,0.4331,154.4875
Gieseking,515,201.1663,96.5535,1030.0,0.3937,154.6042
Gieseking,516,-166.4055,263.8577,1032.0,0.4331,154.7208
Gieseking,517,-319.6995,-113.6539,1034.0,0.4252,154.8375
Gieseking,518,61.2554,-256.4116,1036.0,0.4252,154.9542
Gieseking,519,191.8486,128.2259,1038.0,0.4173,155.0708
Gieseking,520,-198.9985,254.3531,1040.0,0.4646,155.1875
Gieseking,521,-303.1848,-142.2704,1042.0,0.4094,155.3042
Gieseking,522,91.3009,-242.1118,1044.0,0.4331,155.4625
Gieseking,523,214.8237,52.2122,1046.0,0.3937,155.5708
Gieseking,524,-226.0727,234.1311,1048.0,0.4409,155.7375
Gieseking,525,-288.364,-172.2215,1050.0,0.4331,155.8542
Gieseking,526,17.4709,-274.1994,1052.0,0.4252,155.9208
Gieseking,527,222.55,-27.0484,1054.0,0.4173,155.9875
Gieseking,528,-255.8117,217.1534,1056.0,0.4724,156.2042
Gieseking,529,-312.4541,-95.881,1058.0,0.3228,156.2708
Gieseking,530,-62.1145,-270.1297,1060.0,0.3228,156.3375
Gieseking,531,191.0884,-99.8875,1062.0,0.3228,156.4042
Gieseking,532,131.385,205.6766,1064.0,0.3937,156.4708
Gieseking,533,-178.2729,244.4816,1066.0,0.3307,156.5375
Gieseking,534,-334.3447,-21.9347,1068.0,0.3543,156.6042
Gieseking,535,-137.637,-259.2081,1070.0,0.3228,156.6708
Gieseking,536,175.6265,140.6627,1072.0,0.3465,156.8875
Gieseking,537,113.3965,236.5209,1074.0,0.4724,156.8542
Gieseking,538,-283.1339,153.7711,1076.0,0.3228,156.9708
Gieseking,539,-209.1997,-230.6352,1078.0,0.3465,157.0875
Gieseking,540,203.7999,68.7675,1080.0,0.3307,157.3042
Gieseking,541,-28.0844,274.3987,1082.0,0.3543,157.3708
Gieseking,542,-313.6606,134.1896,1084.0,0.4252,157.4375
Gieseking,543,-180.5358,-244.8948,1086.0,0.3307,157.5542
Gieseking,544,217.7888,-7.8301,1088.0,0.3622,157.7208
Gieseking,545,47.9917,256.1551,1090.0,0.3622,157.7875
Gieseking,546,-314.94,98.8151,1092.0,0.3307,157.9042
Gieseking,547,-151.3812,-257.8642,1094.0,0.3307,158.0208
Gieseking,548,120.8995,222.7161,1096.0,0.4173,158.2875
Gieseking,549,-195.6152,238.0487,1098.0,0.3307,158.3125
Gieseking,550,-331.0451,-40.1448,1100.0,0.3307,158.3375
Gieseking,551,-120.8186,-267.2586,1102.0,0.3307,158.4042
Gieseking,552,220.6623,-55.3025,1104.0,0.4094,158.5208
Gieseking,553,-124.0908,268.0983,1106.0,0.3386,158.6875
Gieseking,554,-335.5308,37.7451,1108.0,0.3543,158.7542
Gieseking,555,-89.9525,-279.0198,1110.0,0.3701,158.8708
Gieseking,556,241.1271,-23.4556,1112.0,0.5118,158.9875
Gieseking,557,-46.199,284.1442,1114.0,0.3937,159.1042
Gieseking,558,-341.0399,5.4327,1116.0,0.3701,159.2208
Gieseking,559,-57.176,-285.9593,1118.0,0.4016,159.3375
Gieseking,560,234.1727,11.5018,1120.0,0.4567,159.4542
Gieseking,561,-79.4526,284.4408,1122.0,0.3937,159.5708
Gieseking,562,-313.8564,-137.8549,1124.0,0.4173,159.7375
Gieseking,563,234.3431,-73.313,1126.0,0.5118,159.9542
Gieseking,564,107.5448,237.2344,1128.0,0.4252,160.0208
Gieseking,565,-114.1082,288.9769,1130.0,0.4488,160.0375
Gieseking,566,-342.8103,-61.5517,1132.0,0.4173,160.1542
Gieseking,567,-106.0443,-291.8157,1134.0,0.4567,160.2208
Gieseking,568,196.3971,-149.2961,1136.0,0.4646,160.2875
Gieseking,569,171.2034,184.1933,1138.0,0.4567,160.3542
Gieseking,570,-147.9236,282.3199,1140.0,0.4567,160.4208
Gieseking,571,-339.7801,-96.1805,1142.0,0.4567,160.5375
Gieseking,572,44.7806,-278.1041,1144.0,0.4646,160.6542
Gieseking,573,212.8855,112.0188,1146.0,0.4488,160.7708
Gieseking,574,-183.8447,278.2738,1148.0,0.5118,160.8875
Gieseking,575,-327.2279,-128.4043,1150.0,0.4567,161.0042
Gieseking,576,-259.226,-225.841,1152.0,0.4882,160.9708
Gieseking,577,238.5699,31.8694,1154.0,0.4803,161.1875
Gieseking,578,207.7159,148.4646,1156.0,0.5197,161.1542
Gieseking,579,-292.3272,171.2703,1158.0,0.4016,161.3208
Gieseking,580,-312.8711,-160.2139,1160.0,0.4724,161.3875
Gieseking,581,-1.604,-297.3051,1162.0,0.4961,161.4542
Gieseking,582,245.3243,-54.5659,1164.0,0.5433,161.5208
Gieseking,583,97.236,257.8196,1166.0,0.4882,161.5875
Gieseking,584,-236.9235,231.5969,1168.0,0.4173,161.6542
Gieseking,585,-340.0529,-81.0036,1170.0,0.4173,161.7208
Gieseking,586,-286.3668,-183.6388,1172.0,0.4173,161.6875
Gieseking,587,131.8135,-222.817,1174.0,0.4331,161.8042
Gieseking,588,158.1089,199.1398,1176.0,0.4409,161.9208
Gieseking,589,-161.0644,261.2094,1178.0,0.3386,161.9875
Gieseking,590,-163.3082,-264.4506,1180.0,0.3622,162.2042
Gieseking,591,150.8489,-193.7719,1182.0,0.378,162.2708
Gieseking,592,-85.7336,298.5405,1184.0,0.4646,162.4875
Gieseking,593,-329.5257,78.9091,1186.0,0.3386,162.5542
Gieseking,594,-230.5456,-221.7498,1188.0,0.3307,162.6208
Gieseking,595,84.9273,-239.3844,1190.0,0.3307,162.6875
Gieseking,596,228.5161,50.5946,1192.0,0.4173,162.7542
Gieseking,597,-3.0554,285.0129,1194.0,0.4016,162.8208
Gieseking,598,-300.106,153.2225,1196.0,0.3622,162.8875
Gieseking,599,-296.5565,-173.2039,1198.0,0.4173,162.9542
Gieseking,600,222.3249,-31.0641,1200.0,0.3543,163.1708
Gieseking,601,-249.7289,216.4899,1202.0,0.378,163.3875
Gieseking,602,-327.2809,-97.2074,1204.0,0.3543,163.4542
Gieseking,603,-66.8232,-310.4075,1206.0,0.5276,163.5208
Gieseking,604,212.737,-112.9954,1208.0,0.4252,163.5875
Gieseking,605,145.8398,215.0278,1210.0,0.4409,163.6542
Gieseking,606,-344.742,98.9226,1212.0,0.4646,163.8208
Gieseking,607,-151.3228,-289.9115,1214.0,0.4803,163.9375
Gieseking,608,14.0454,293.9604,1216.0,0.4724,164.2125
Gieseking,609,-359.5551,66.2168,1218.0,0.4961,164.2875
Gieseking,610,-233.5589,-260.1434,1220.0,0.5354,164.3125
Gieseking,611,116.8798,-252.1882,1222.0,0.5039,164.3375
Gieseking,612,241.4696,74.048,1224.0,0.5197,164.3625
Gieseking,613,-328.38,146.8738,1226.0,0.4882,164.5375
Gieseking,614,-295.9752,-198.4619,1228.0,0.5039,164.5625
Gieseking,615,243.5746,-12.858,1230.0,0.4724,164.7375
Gieseking,616,63.897,282.6419,1232.0,0.5039,164.7625
Gieseking,617,-360.4659,-4.8311,1234.0,0.4488,164.8875
Gieseking,618,-46.1791,-305.0168,1236.0,0.4803,164.9625
Gieseking,619,232.7641,-98.8143,1238.0,0.5039,165.05
Gieseking,620,121.5933,217.2161,1240.0,0.3307,165.1375
Gieseking,621,-197.8085,250.0602,1242.0,0.3465,165.1625
Gieseking,622,-362.9922,-40.5039,1244.0,0.4803,165.2292
Gieseking,623,-128.7212,-283.3903,1246.0,0.3858,165.2958
Gieseking,624,176.4522,158.7632,1248.0,0.3386,165.5125
Gieseking,625,-341.8845,42.6873,1250.0,0.3386,165.7292
Gieseking,626,18.2263,-273.1604,1252.0,0.3307,165.8958
Gieseking,627,-41.3648,296.9064,1254.0,0.4173,166.1625
Gieseking,628,-318.2664,119.5355,1256.0,0.3307,166.2292
Gieseking,629,50.2695,-263.9522,1258.0,0.3386,166.4458
Gieseking,630,226.0602,7.1326,1260.0,0.3386,166.5125
Gieseking,631,-187.6993,261.592,1262.0,0.3701,166.6792
Gieseking,632,-313.7071,-133.1603,1264.0,0.3386,166.7958
Gieseking,633,80.5884,-249.8471,1266.0,0.3386,166.9125
Gieseking,634,184.7575,147.2956,1268.0,0.3307,167.0292
Gieseking,635,-228.5068,262.3468,1270.0,0.5039,167.1458
Gieseking,636,-345.9869,-58.0173,1272.0,0.3701,167.2125
Gieseking,637,109.8135,-233.2198,1274.0,0.3465,167.3792
Gieseking,638,174.8243,181.7064,1276.0,0.4016,167.4958
Gieseking,639,-250.0846,231.3646,1278.0,0.4173,167.6125
Gieseking,640,-284.0529,-195.3099,1280.0,0.4016,167.7292
Gieseking,641,134.6591,-210.5638,1282.0,0.3307,167.8458
Gieseking,642,216.7629,109.0604,1284.0,0.4016,167.9125
Gieseking,643,-279.6096,211.3437,1286.0,0.4488,168.0792
Gieseking,644,-257.8021,-217.9318,1288.0,0.378,168.1958
Gieseking,645,72.5408,-265.5221,1290.0,0.3937,168.2625
Gieseking,646,126.4224,231.1892,1292.0,0.3937,168.4292
Gieseking,647,-297.5994,180.4012,1294.0,0.4016,168.5458
Gieseking,648,-228.6723,-236.1651,1296.0,0.3465,168.6625
Gieseking,649,-8.3078,-284.3958,1298.0,0.3386,168.6792
Gieseking,650,221.5676,-54.4425,1300.0,0.3228,168.7458
Gieseking,651,-326.7027,157.1951,1302.0,0.4724,169.0125
Gieseking,652,-198.5906,-251.6588,1304.0,0.3228,169.1292
Gieseking,653,198.8899,-132.8726,1306.0,0.3465,169.2458
Gieseking,654,160.3703,195.5593,1308.0,0.3701,169.3125
Gieseking,655,66.8009,265.8979,1310.0,0.3701,169.2792
Gieseking,656,-163.2294,278.4501,1312.0,0.3858,169.2958
Gieseking,657,-358.2027,4.7048,1314.0,0.3937,169.3625
Gieseking,658,-172.9201,-277.4085,1316.0,0.4016,169.4292
Gieseking,659,224.0535,-106.066,1318.0,0.4252,169.5458
Gieseking,660,37.777,287.1776,1320.0,0.4252,169.6625
Gieseking,661,-357.9608,91.831,1322.0,0.4803,169.7792
Gieseking,662,-139.6709,-288.1437,1324.0,0.3937,169.8958
Gieseking,663,236.55,47.6886,1326.0,0.4016,170.0625
Gieseking,664,2.7805,292.6091,1328.0,0.3937,170.1292
Gieseking,665,-306.103,-174.8989,1330.0,0.4094,170.3458
Gieseking,666,13.5683,-291.6951,1332.0,0.4016,170.4125
Gieseking,667,238.618,-37.1405,1334.0,0.4016,170.4792
Gieseking,668,-260.6612,235.6082,1336.0,0.4567,170.6958
Gieseking,669,-349.9819,18.972,1338.0,0.3307,170.7125
Gieseking,670,-70.4596,-289.3883,1340.0,0.3228,170.8292
Gieseking,671,229.7269,-2.0062,1342.0,0.3228,170.9458
Gieseking,672,-183.1929,274.1828,1344.0,0.3937,171.1125
Gieseking,673,-362.6374,-15.5944,1346.0,0.4094,171.1792
Gieseking,674,-151.4488,-276.5916,1348.0,0.3307,171.2458
Gieseking,675,163.8151,-184.764,1350.0,0.3228,171.3125
Gieseking,676,194.4173,142.2739,1352.0,0.3307,171.3792
Gieseking,677,-368.1297,72.7,1354.0,0.4961,171.5958
Gieseking,678,-230.0925,-247.2953,1356.0,0.3858,171.6625
Gieseking,679,230.4454,66.9972,1358.0,0.3701,171.8792
Gieseking,680,-16.6772,298.5785,1360.0,0.3937,171.9458
Gieseking,681,-350.8733,-85.2543,1362.0,0.4016,172.1125
Gieseking,682,33.3945,-287.2855,1364.0,0.3937,172.2292
Gieseking,683,65.3027,275.1915,1366.0,0.3937,172.4458
Gieseking,684,-349.4164,-123.0212,1368.0,0.4724,172.6625
Gieseking,685,-50.7603,-296.7066,1370.0,0.3543,172.7292
Gieseking,686,66.5025,-275.0112,1372.0,0.3937,172.6958
Gieseking,687,211.3404,134.5483,1374.0,0.3937,172.8125
Gieseking,688,-202.4875,267.434,1376.0,0.3937,172.9292
Gieseking,689,-136.2341,-296.0183,1378.0,0.4094,173.1458
Gieseking,690,180.6747,-172.8578,1380.0,0.3465,173.2125
Gieseking,691,186.4159,160.4418,1382.0,0.3307,173.2792
Gieseking,692,-349.1996,47.9904,1384.0,0.3228,173.4958
Gieseking,693,130.4892,-243.0451,1386.0,0.4252,173.7125
Gieseking,694,166.6044,188.5398,1388.0,0.3307,173.8292
Gieseking,695,-257.5245,223.7763,1390.0,0.3543,173.9458
Gieseking,696,-278.0275,-204.0814,1392.0,0.3543,174.0625
Gieseking,697,235.3691,3.1837,1394.0,0.3307,174.2792
Gieseking,698,47.8382,286.4813,1396.0,0.4016,174.3458
Gieseking,699,-290.6408,206.743,1398.0,0.4252,174.4125
Gieseking,700,-257.7342,-233.9924,1400.0,0.4016,174.5292
Gieseking,701,178.8648,-190.1792,1402.0,0.3937,174.6458
Gieseking,702,-219.6725,256.5036,1404.0,0.3701,174.9125
Gieseking,703,-232.1303,-259.998,1406.0,0.4331,175.0792
Gieseking,704,197.0186,-159.5639,1408.0,0.3701,175.1958
Gieseking,705,188.5336,186.7526,1410.0,0.4252,175.2625
Gieseking,706,-331.3604,147.2545,1412.0,0.4094,175.4292
Gieseking,707,145.0136,-228.158,1414.0,0.3937,175.6958
Gieseking,708,-57.0606,307.012,1416.0,0.3937,175.9125
Gieseking,709,-362.1081,81.5185,1418.0,0.4252,176.7792
Gieseking,710,-129.4075,-290.726,1420.0,0.3307,176.8958
Gieseking,711,231.6256,-60.6801,1422.0,0.3228,177.0125
Gieseking,712,-7.8337,293.4271,1424.0,0.3228,177.1292
Gieseking,713,-364.7458,-78.8733,1426.0,0.4331,177.2958
Gieseking,714,203.6476,-140.0626,1428.0,0.3228,177.5125
Gieseking,715,166.1463,195.0355,1430.0,0.3228,177.5792
Gieseking,716,-159.8647,281.534,1432.0,0.3228,177.6458
Gieseking,717,-374.0243,9.4003,1434.0,0.4252,177.7125
Gieseking,718,161.9916,-215.9133,1436.0,0.3937,177.8875
Gieseking,719,243.6131,8.6496,1438.0,0.3543,177.8625
Gieseking,720,-77.8576,309.2272,1440.0,0.3937,177.9375
Gieseking,721,-375.734,-27.503,1442.0,0.4409,178.0125
Gieseking,722,-261.005,-246.588,1444.0,0.4488,178.0292
Gieseking,723,91.2371,-266.5513,1446.0,0.3701,178.1375
Gieseking,724,9.394,302.4997,1448.0,0.3937,178.3958
Gieseking,725,-376.8828,-65.458,1450.0,0.4803,178.5625
Gieseking,726,-315.6454,-176.2898,1452.0,0.3937,178.5292
Gieseking,727,243.1969,-42.0746,1454.0,0.3622,178.7458
Gieseking,728,93.1511,274.6443,1456.0,0.4173,178.8125
Gieseking,729,-153.715,312.5452,1458.0,0.4961,178.8292
Gieseking,730,-256.7044,237.6954,1460.0,0.378,178.7958
Gieseking,731,-355.1456,-97.9778,1462.0,0.3937,178.8625
Gieseking,732,45.7984,-290.0866,1464.0,0.378,178.9792
Gieseking,733,167.4714,224.5456,1466.0,0.4488,179.1458
Gieseking,734,-190.1761,301.0488,1468.0,0.5039,179.2125
Gieseking,735,-165.1319,-303.4991,1470.0,0.4567,179.4292
Gieseking,736,194.747,-216.4322,1472.0,0.5433,179.4958
Gieseking,737,230.9947,157.3653,1474.0,0.5197,179.5625
Gieseking,738,-99.7657,316.6108,1476.0,0.4409,179.6292
Gieseking,739,-368.4442,77.3975,1478.0,0.4331,179.6958
Gieseking,740,-331.4401,-167.9742,1480.0,0.4409,179.7125
Gieseking,741,-247.9899,-265.1996,1482.0,0.4803,179.6792
Gieseking,742,258.0393,68.6376,1484.0,0.4803,179.8958
Gieseking,743,205.2019,186.3649,1486.0,0.4724,179.8625
Gieseking,744,-322.5291,-208.4012,1488.0,0.5433,180.1792
Gieseking,745,37.3889,-314.6471,1490.0,0.5039,180.2458
Gieseking,746,242.7228,-21.4171,1492.0,0.3307,180.3125
Gieseking,747,166.2893,202.2535,1494.0,0.3307,180.3292
Gieseking,748,75.7012,287.1832,1496.0,0.4252,180.2958
Gieseking,749,-356.5028,-121.1091,1498.0,0.4409,180.5125
Gieseking,750,-54.5201,-322.6883,1500.0,0.4567,180.5792
Gieseking,751,235.0721,-108.9875,1502.0,0.4016,180.6458
Gieseking,752,-206.2626,284.136,1504.0,0.4331,180.8625
Gieseking,753,-262.7451,-257.9141,1506.0,0.4882,181.0292
Gieseking,754,192.4563,-186.7907,1508.0,0.3937,181.1458
Gieseking,755,122.8012,262.7792,1510.0,0.4331,181.2625
Gieseking,756,-326.1582,173.844,1512.0,0.4173,181.3792
Gieseking,757,-231.0138,-279.3127,1514.0,0.4803,181.4958
Gieseking,758,133.4088,-254.0951,1516.0,0.4252,181.5625
Gieseking,759,89.5532,279.721,1518.0,0.4094,181.7292
Gieseking,760,-347.2809,142.9701,1520.0,0.4331,181.8458
Gieseking,761,-301.7865,-219.9852,1522.0,0.4724,181.9125
Gieseking,762,-194.4808,-291.2468,1524.0,0.4331,181.775
Gieseking,763,234.1327,-125.528,1526.0,0.4252,181.9125
Gieseking,764,-302.2559,223.4167,1528.0,0.4882,182.1375
Gieseking,765,-344.3764,-139.1399,1530.0,0.4016,182.1625
Gieseking,766,-32.3655,-327.2709,1532.0,0.4803,182.1875
Gieseking,767,255.075,-92.8422,1534.0,0.4803,182.2125
Gieseking,768,23.9288,318.8911,1536.0,0.4882,182.2875
Gieseking,769,-231.4872,284.3746,1538.0,0.5039,182.2625
Gieseking,770,-383.4415,75.1007,1540.0,0.5039,182.2375
Gieseking,771,-125.1773,-323.2795,1542.0,0.4882,182.3125
Gieseking,772,205.6602,193.8016,1544.0,0.4803,182.4875
Gieseking,773,-12.8546,333.2508,1546.0,0.5354,182.0875
Gieseking,774,-145.6322,322.5991,1548.0,0.5197,181.7625
Gieseking,775,-390.564,36.9562,1550.0,0.5118,181.7875
Gieseking,776,-87.1857,-330.2582,1552.0,0.5039,181.7375
Gieseking,777,160.9475,-253.0018,1554.0,0.5354,181.5875
Gieseking,778,251.4585,112.659,1556.0,0.5039,181.6125
Gieseking,779,-52.2264,327.6055,1558.0,0.4803,181.6375
Gieseking,780,-387.8493,-1.7965,1560.0,0.4803,181.7542
Gieseking,781,78.1612,-297.5677,1562.0,0.4803,181.9208
Gieseking,782,38.1342,309.6467,1564.0,0.4567,182.1375
Gieseking,783,-384.9101,-39.934,1566.0,0.4724,182.2625
Gieseking,784,-349.7657,-166.7927,1568.0,0.5197,182.1875
Gieseking,785,-13.8145,-302.5229,1570.0,0.3307,182.2125
Gieseking,786,242.3062,55.2297,1572.0,0.3386,182.2875
Gieseking,787,-126.2692,311.0596,1574.0,0.4094,182.3625
Gieseking,788,-100.2497,-303.8771,1576.0,0.3307,182.5875
Gieseking,789,23.7412,-304.5771,1578.0,0.3937,182.5125
Gieseking,790,174.9891,196.933,1580.0,0.3307,182.6375
Gieseking,791,-158.3561,290.2522,1582.0,0.3307,182.5375
Gieseking,792,-366.2558,13.5074,1584.0,0.3307,182.6042
Gieseking,793,61.4611,-299.6301,1586.0,0.4409,182.7708
Gieseking,794,222.0438,124.0401,1588.0,0.3386,182.8875
Gieseking,795,-350.9187,98.7576,1590.0,0.3307,183.1042
Gieseking,796,-257.52,-235.4305,1592.0,0.3307,183.1708
Gieseking,797,218.5216,163.6195,1594.0,0.4331,183.4375
Gieseking,798,-313.2544,177.1728,1596.0,0.3386,183.6042
Gieseking,799,-315.9933,-171.2361,1598.0,0.3307,183.6708
Gieseking,800,118.7287,-251.0116,1600.0,0.3307,183.7875
Gieseking,801,101.6454,280.4721,1602.0,0.4331,183.9542
Gieseking,802,-257.7131,245.9173,1604.0,0.378,184.0208
Gieseking,803,-295.6659,-201.0779,1606.0,0.3386,184.1375
Gieseking,804,153.5262,-235.9402,1608.0,0.3937,184.2542
Gieseking,805,-183.1961,296.3484,1610.0,0.4094,184.5208
Gieseking,806,-378.5772,-7.3867,1612.0,0.3937,184.5875
Gieseking,807,-164.9635,-289.693,1614.0,0.3228,184.6542
Gieseking,808,222.7548,147.7771,1616.0,0.3937,184.8708
Gieseking,809,-319.6819,201.5416,1618.0,0.4567,185.0375
Gieseking,810,-246.9993,-256.0444,1620.0,0.378,185.1542
Gieseking,811,203.4721,-180.8687,1622.0,0.3937,185.2708
Gieseking,812,-5.1413,315.0627,1624.0,0.3937,185.4375
Gieseking,813,-334.8599,165.9526,1626.0,0.4016,185.5042
Gieseking,814,-213.2875,-271.4967,1628.0,0.3386,185.6208
Gieseking,815,248.5304,-26.2203,1630.0,0.3228,185.7875
Gieseking,816,76.2515,278.0914,1632.0,0.3228,185.8125
Gieseking,817,-185.4108,-298.9809,1634.0,0.4173,186.0875
Gieseking,818,230.4868,-111.9899,1636.0,0.3307,186.1625
Gieseking,819,43.4935,293.7279,1638.0,0.3307,186.2375
Gieseking,820,-198.0622,277.7962,1640.0,0.3228,186.2125
Gieseking,821,-355.4357,94.4925,1642.0,0.3228,186.1875
Gieseking,822,-146.1802,-299.3006,1644.0,0.3307,186.2625
Gieseking,823,189.6373,-190.2293,1646.0,0.3465,186.2875
Gieseking,824,206.7801,163.142,1648.0,0.3386,186.3125
Gieseking,825,-116.6459,314.7728,1650.0,0.3858,186.3375
Gieseking,826,-378.5765,62.1756,1652.0,0.4173,186.3625
Gieseking,827,-230.252,-269.432,1654.0,0.378,186.3875
Gieseking,828,135.0648,-263.9381,1656.0,0.4409,186.4125
Gieseking,829,-27.2697,310.1747,1658.0,0.3307,186.5875
Gieseking,830,-338.3145,143.4566,1660.0,0.3386,186.6125
Gieseking,831,-74.5225,-310.5776,1662.0,0.3228,186.7375
Gieseking,832,253.164,-5.4878,1664.0,0.3386,186.6875
Gieseking,833,-63.633,310.9851,1666.0,0.3228,186.8042
Gieseking,834,-341.4683,-132.8144,1668.0,0.3228,186.9708
Gieseking,835,248.8228,-95.7695,1670.0,0.4016,187.1875
Gieseking,836,134.6073,244.8801,1672.0,0.3307,187.2542
Gieseking,837,-368.0303,-48.9831,1674.0,0.3228,187.4708
Gieseking,838,-125.9819,-304.9331,1676.0,0.3228,187.5375
Gieseking,839,253.0268,68.7206,1678.0,0.378,187.7042
Gieseking,840,207.3028,189.2634,1680.0,0.4252,187.6708
Gieseking,841,-135.8345,302.9099,1682.0,0.3228,187.7375
Gieseking,842,-360.717,-84.6894,1684.0,0.3228,187.8542
Gieseking,843,33.4809,-298.2652,1686.0,0.3228,187.9708
Gieseking,844,255.6489,109.1492,1688.0,0.4646,188.0875
Gieseking,845,-47.8868,319.6744,1690.0,0.3701,188.1542
Gieseking,846,-348.2226,124.8153,1692.0,0.3307,188.2208
Gieseking,847,-287.4768,-230.1914,1694.0,0.3937,188.2875
Gieseking,848,236.0219,142.8988,1696.0,0.4252,188.5542
Gieseking,849,-209.3765,287.6692,1698.0,0.3937,188.6708
Gieseking,850,-343.3215,-157.7887,1700.0,0.3937,188.7875
Gieseking,851,106.0744,-278.7278,1702.0,0.3937,188.9042
Gieseking,852,131.1725,276.9064,1704.0,0.4724,189.0708
Gieseking,853,-240.9118,266.8619,1706.0,0.378,189.1375
Gieseking,854,-107.2376,-321.6062,1708.0,0.3937,189.3542
Gieseking,855,222.7104,-160.608,1710.0,0.3937,189.4208
Gieseking,856,-162.2526,316.4116,1712.0,0.4409,189.6375
Gieseking,857,-375.5419,18.3937,1714.0,0.3307,189.7042
Gieseking,858,159.6338,-226.0616,1716.0,0.3228,189.9208
Gieseking,859,159.6611,226.2534,1718.0,0.3228,190.0375
Gieseking,860,-369.5958,110.0075,1720.0,0.4094,190.2042
Gieseking,861,-274.7741,-248.761,1722.0,0.4094,190.2708
Gieseking,862,88.5363,-279.9639,1724.0,0.3307,190.3375
Gieseking,863,19.352,305.9124,1726.0,0.3228,190.5542
Gieseking,864,-326.381,-172.7794,1728.0,0.3307,190.7708
Gieseking,865,252.2556,-52.3768,1730.0,0.3228,190.9875
Gieseking,866,102.6154,273.147,1732.0,0.3307,191.0542
Gieseking,867,-261.5295,258.0583,1734.0,0.3937,191.1208
Gieseking,868,-84.8907,-316.109,1736.0,0.3228,191.3375
Gieseking,869,178.9963,222.9273,1738.0,0.3858,191.5542
Gieseking,870,75.7089,303.7502,1740.0,0.4252,191.5208
Gieseking,871,-172.4624,-297.1909,1742.0,0.3228,191.8375
Gieseking,872,224.9844,143.8456,1744.0,0.3307,192.0542
Gieseking,873,38.5441,314.8194,1746.0,0.4016,192.0708
Gieseking,874,111.0258,-275.8142,1748.0,0.3622,192.4875
Gieseking,875,-330.8279,168.7929,1750.0,0.3228,192.8542
Gieseking,876,258.0509,-31.5681,1752.0,0.3228,193.2208
Gieseking,877,-63.6392,-321.4673,1754.0,0.3307,193.7375
Gieseking,878,240.5762,-120.7922,1756.0,0.3465,193.8042
Gieseking,879,-358.2677,-135.615,1758.0,0.3465,196.5708
Gieseking,880,236.4873,156.2976,1760.0,0.3937,196.8875
Gieseking,881,-393.1825,-48.1595,1762.0,0.4016,197.1125
Gieseking,882,217.4346,-189.0071,1764.0,0.3937,197.2875
Gieseking,883,-136.4237,324.6986,1766.0,0.378,197.4625
Gieseking,884,-224.2363,-293.3181,1768.0,0.3937,197.6375
Gieseking,885,153.8929,-259.3866,1770.0,0.3937,197.6625
Gieseking,886,260.4177,105.7465,1772.0,0.4016,197.6875
Gieseking,887,190.3132,218.9984,1774.0,0.3701,197.6125
Gieseking,888,-360.2234,135.0886,1776.0,0.3465,197.7375
Gieseking,889,71.6289,-305.8737,1778.0,0.3701,197.9125
Gieseking,890,53.1182,324.7198,1780.0,0.4409,198.0875
Gieseking,891,-17.4007,-344.0292,1782.0,0.4567,198.4125
Gieseking,892,-114.7669,-339.3936,1784.0,0.4331,198.9125
Gieseking,893,239.5676,-175.8374,1786.0,0.4567,198.9375
Gieseking,894,104.792,300.52,1788.0,0.4252,199.0125
Gieseking,895,-205.6072,-306.7594,1790.0,0.4016,199.2875
Gieseking,896,-286.0779,-254.4831,1792.0,0.4016,199.9125
Gieseking,897,30.2387,328.6744,1794.0,0.4016,200.2375
Gieseking,898,4.6054,-335.102,1796.0,0.4016,200.5625
Gieseking,899,275.7714,-61.2181,1798.0,0.4016,200.5875
Gieseking,900,279.1642,-21.5745,1800.0,0.3858,201.2625
Gieseking,901,-396.5032,1.7222,1802.0,0.3622,201.4125
Gieseking,902,-381.2118,95.2605,1804.0,0.3465,202.0792
Gieseking,903,-342.553,181.7015,1806.0,0.3465,202.7458
Gieseking,904,-398.5619,-21.0656,1808.0,0.3543,204.3125
Gieseking,905,273.2128,-95.6191,1810.0,0.4016,204.5792
Gieseking,906,-402.0979,76.875,1812.0,0.4252,204.8958
Gieseking,907,138.4762,-285.0922,1814.0,0.4016,205.1125
Gieseking,908,-12.8043,351.6002,1816.0,0.4488,205.3292
Gieseking,909,-410.6346,36.6795,1818.0,0.4331,205.4458
Gieseking,910,52.2572,-333.1878,1820.0,0.4252,205.6125
Gieseking,911,80.4841,317.4617,1822.0,0.3937,205.8292
Gieseking,912,-303.3773,244.3611,1824.0,0.378,205.8958
Gieseking,913,-411.9649,-4.4297,1826.0,0.4252,205.9125
Gieseking,914,-45.2391,-353.0219,1828.0,0.4331,206.0292
Gieseking,915,-94.5585,343.7547,1830.0,0.378,206.3458
Gieseking,916,-402.7542,-44.6015,1832.0,0.378,206.4625
Gieseking,917,235.9029,197.185,1834.0,0.4409,206.8292
Gieseking,918,-409.341,54.1512,1836.0,0.4252,207.0458
Gieseking,919,159.7295,-274.281,1838.0,0.4094,207.2625
Gieseking,920,-313.6502,-242.5488,1840.0,0.4016,207.7792
Gieseking,921,59.0856,326.8859,1842.0,0.378,208.1458
Gieseking,922,-368.8702,-160.7398,1844.0,0.378,208.3625
Gieseking,923,-21.9735,-347.3319,1846.0,0.3858,208.3875
Gieseking,924,144.5593,-283.011,1848.0,0.378,209.1125
Gieseking,925,-400.1567,29.5064,1850.0,0.3228,209.4875
Gieseking,926,-60.3786,349.2414,1852.0,0.3701,210.025
Gieseking,927,-295.8355,-258.0193,1854.0,0.3701,210.2625
Gieseking,928,255.649,-163.3988,1856.0,0.3937,212.0
Gieseking,929,-418.2497,6.9037,1858.0,0.4094,212.3875
Gieseking,930,-195.3636,-329.2474,1860.0,0.3937,212.4125
Gieseking,931,56.0333,336.9365,1862.0,0.3937,212.6875
Gieseking,932,-84.9739,364.8509,1864.0,0.4567,212.6125
Gieseking,933,116.9715,-304.3049,1866.0,0.3622,212.9792
Gieseking,934,-355.7403,196.152,1868.0,0.378,213.3458
Gieseking,935,-412.2185,66.147,1870.0,0.4016,213.3125
Gieseking,936,114.314,320.5808,1872.0,0.4409,213.7792
Gieseking,937,-393.0673,-114.5216,1874.0,0.3543,213.9958
Gieseking,938,-74.5158,-366.181,1876.0,0.4488,214.0625
Gieseking,939,188.2704,250.3572,1878.0,0.3543,214.2792
Gieseking,940,-408.9311,-16.7583,1880.0,0.3307,214.4958
Gieseking,941,-174.9684,-343.6958,1882.0,0.4173,214.5625
Gieseking,942,-110.0181,366.5969,1884.0,0.4646,214.9292
Gieseking,943,-262.8325,-292.701,1886.0,0.3701,215.1458
Gieseking,944,10.9375,-361.0412,1888.0,0.4488,215.1625
Gieseking,945,-366.5589,174.8651,1890.0,0.3465,215.4125
Gieseking,946,-412.6049,-102.0118,1892.0,0.4409,215.3875
Gieseking,947,52.295,-349.5716,1894.0,0.4409,215.4625
Gieseking,948,281.7845,120.9123,1896.0,0.4094,215.5375
Gieseking,949,-401.0151,-143.5501,1898.0,0.4567,215.8125
Gieseking,950,283.085,-122.5822,1900.0,0.4173,215.9875
Gieseking,951,-225.333,312.9414,1902.0,0.3465,216.1625
Gieseking,952,229.9707,-209.8022,1904.0,0.3701,216.4875
Gieseking,953,-266.4552,299.9301,1906.0,0.4094,216.7125
Gieseking,954,162.0782,-285.3969,1908.0,0.3937,216.6125
Gieseking,955,-31.2899,356.6562,1910.0,0.3701,216.4125
Gieseking,956,-325.7112,-246.9797,1912.0,0.4016,216.5875
Gieseking,957,200.0795,271.7214,1914.0,0.4882,216.8625
Gieseking,958,-394.2351,-167.9732,1916.0,0.4724,217.0875
Gieseking,959,228.8026,-231.5912,1918.0,0.4488,216.8375
Gieseking,960,-258.1542,320.8138,1920.0,0.4961,216.6875
